<?xml version="1.0"?>
<root xmlns="urn:schemas-upnp-org:device-1-0">
<specVersion>
<major>1</major>
<minor>0</minor>
</specVersion>
<device>
<deviceType>urn:roku-com:device:player:1-0</deviceType>
<friendlyName>gaby</friendlyName>
<manufacturer>Roku</manufacturer>
<manufacturerURL>http://www.roku.com/</manufacturerURL>
<modelDescription>Roku Streaming Player Network Media</modelDescription>
<modelName>Roku 3</modelName>
<modelNumber>4200X</modelNumber>
<modelURL>http://www.roku.com/</modelURL>
<serialNumber>4124CL198023</serialNumber>
<UDN>uuid:04042113-7003-1005-8087-ac3a7a13c86d</UDN>
<serviceList>
<service>
<serviceType>urn:roku-com:service:ecp:1</serviceType>
<serviceId>urn:roku-com:serviceId:ecp1-0</serviceId>
<controlURL></controlURL>
<eventSubURL></eventSubURL>
<SCPDURL>ecp_SCPD.xml</SCPDURL>
</service>
<service>
<serviceType>urn:dial-multiscreen-org:service:dial:1</serviceType>
<serviceId>urn:dial-multiscreen-org:serviceId:dial1-0</serviceId>
<controlURL></controlURL>
<eventSubURL></eventSubURL>
<SCPDURL>dial_SCPD.xml</SCPDURL>
</service>
</serviceList>
</device>
</root>
