{
  "FilterHeaders": [
    {
      "Header": "user-agent",
      "IncludeInScript": false
    },
    {
      "Header": "accept-language",
      "IncludeInScript": false
    },
    {
      "Header": "accept-encoding",
      "IncludeInScript": false
    }
  ],
  "FilterResources": [
    {
      "IsNonResource": true,
      "type": "text/xml"
    }
  ],
  "GeneralInfo": {
    "BrowserVersion": "",
    "MaxUsedConnections": 2,
    "RecordedBrowser": "Chrome",
    "RecordingDate": "Mar-08-2018",
    "RecordingDuration": 13968,
    "RecordingTimeStamp": 1520468724,
    "TotalBytesReceived": 2262,
    "TotalBytesSent": 544,
    "TotalRequests": 2
  },
  "HostInfo": [
    {
      "DomainName": "192.168.0.12",
      "Domains": [
        {
          "HTTPVersion": "HTTP/1.1",
          "IP": "192.168.0.12",
          "IncludeInScript": true,
          "Name": "192.168.0.12",
          "Port": 8060,
          "Requests": [
            {
              "CompressionType": "",
              "DataType": "text/xml",
              "DownloadTime": 16,
              "EventId": 110,
              "HttpStatus": 200,
              "Size": 1131,
              "URL": "http://192.168.0.12:8060/dial/dd.xml"
            },
            {
              "CompressionType": "",
              "DataType": "text/xml",
              "DownloadTime": 16,
              "EventId": 99,
              "HttpStatus": 200,
              "Size": 1131,
              "URL": "http://192.168.0.12:8060/dial/dd.xml"
            }
          ],
          "SSLCipher": "None",
          "SSLVersion": "None"
        }
      ],
      "IncludeInScript": false
    }
  ],
  "WebSocket": {
    "IncludeInScript": false,
    "IsScriptIncludeWebSocket": false
  },
  "NumberOfCorrelations": 0
}